{
    "mse": 0.8151318527880764,
    "cross_val_score": 0.16732983151497421,
    "score": 0.23841450862884017
}