{
    "mse": 0.8045274533615673,
    "cross_val_score": 0.16791358694161557,
    "score": 0.2483223005036277
}