{
    "mse": 0.8092600002454898,
    "cross_val_score": 0.18334137163288317,
    "score": 0.24390063665660555
}